date,temperature_max
2018-01-01,9.4
2018-01-02,5.1
2018-01-03,4.6
2018-01-04,7.2
2018-01-05,8.3
2018-01-06,8.9
2018-01-07,3.5
2018-01-08,-1.2
2018-01-09,1.7
2018-01-10,3.5
2018-01-11,2.5
2018-01-12,-0.6
2018-01-13,-0.9
2018-01-14,-2.7
2018-01-15,-4.3
2018-01-16,-0.9
2018-01-17,1.2
2018-01-18,2.2
2018-01-19,1.3
2018-01-20,0.6
2018-01-21,-1.5
2018-01-22,-2.2
2018-01-23,-3.4
2018-01-24,3.0
2018-01-25,5.6
2018-01-26,4.2
2018-01-27,3.7
2018-01-28,6.0
2018-01-29,9.6
2018-01-30,6.9
2018-01-31,5.4
2018-02-01,6.3
2018-02-02,4.8
2018-02-03,3.7
2018-02-04,0.2
2018-02-05,-1.5
2018-02-06,-0.4
2018-02-07,1.2
2018-02-08,1.4
2018-02-09,0.3
2018-02-10,0.1
2018-02-11,1.3
2018-02-12,3.5
2018-02-13,3.2
2018-02-14,1.6
2018-02-15,0.1
2018-02-16,2.8
2018-02-17,2.9
2018-02-18,2.3
2018-02-19,2.8
2018-02-20,3.2
2018-02-21,2.8
2018-02-22,-2.2
2018-02-23,-2.7
2018-02-24,-4.4
2018-02-25,-7.4
2018-02-26,-8.4
2018-02-27,-7.7
2018-02-28,-7.3
2018-03-01,-8.6
2018-03-02,-7.2
2018-03-03,-5.8
2018-03-04,-0.6
2018-03-05,4.4
2018-03-06,6.1
2018-03-07,7.1
2018-03-08,9.0
2018-03-09,8.2
2018-03-10,9.2
2018-03-11,14.4
2018-03-12,13.2
2018-03-13,12.6
2018-03-14,8.0
2018-03-15,2.5
2018-03-16,0.1
2018-03-17,-1.7
2018-03-18,-0.8
2018-03-19,0.6
2018-03-20,2.5
2018-03-21,2.2
2018-03-22,5.5
2018-03-23,4.0
2018-03-24,6.8
2018-03-25,10.4
2018-03-26,9.2
2018-03-27,4.6
2018-03-28,3.8
2018-03-29,5.8
2018-03-30,11.1
2018-03-31,12.5
2018-04-01,8.4
2018-04-02,6.4
2018-04-03,14.2
2018-04-04,20.0
2018-04-05,18.2
2018-04-06,11.1
2018-04-07,14.9
2018-04-08,21.9
2018-04-09,24.3
2018-04-10,23.1
2018-04-11,18.0
2018-04-12,21.1
2018-04-13,22.9
2018-04-14,20.5
2018-04-15,23.5
2018-04-16,22.9
2018-04-17,16.8
2018-04-18,19.2
2018-04-19,20.0
2018-04-20,20.8
2018-04-21,23.0
2018-04-22,18.8
2018-04-23,21.6
2018-04-24,19.4
2018-04-25,22.6
2018-04-26,16.9
2018-04-27,14.6
2018-04-28,23.4
2018-04-29,27.5
2018-04-30,28.6
2018-05-01,24.0
2018-05-02,20.7
2018-05-03,29.9
2018-05-04,21.8
2018-05-05,19.1
2018-05-06,20.4
2018-05-07,22.8
2018-05-08,25.6
2018-05-09,27.6
2018-05-10,28.0
2018-05-11,26.8
2018-05-12,24.5
2018-05-13,26.6
2018-05-14,20.5
2018-05-15,20.2
2018-05-16,20.4
2018-05-17,19.0
2018-05-18,19.0
2018-05-19,19.2
2018-05-20,20.6
2018-05-21,21.0
2018-05-22,21.1
2018-05-23,23.5
2018-05-24,23.5
2018-05-25,21.7
2018-05-26,22.6
2018-05-27,26.0
2018-05-28,27.3
2018-05-29,28.4
2018-05-30,30.1
2018-05-31,30.4
2018-06-01,29.1
2018-06-02,25.7
2018-06-03,25.0
2018-06-04,27.8
2018-06-05,24.0
2018-06-06,17.1
2018-06-07,22.4
2018-06-08,27.0
2018-06-09,28.9
2018-06-10,30.0
2018-06-11,24.5
2018-06-12,23.9
2018-06-13,21.2
2018-06-14,22.5
2018-06-15,24.6
2018-06-16,25.1
2018-06-17,28.1
2018-06-18,24.9
2018-06-19,26.9
2018-06-20,27.4
2018-06-21,30.2
2018-06-22,18.4
2018-06-23,18.8
2018-06-24,16.6
2018-06-25,16.0
2018-06-26,17.0
2018-06-27,23.3
2018-06-28,25.4
2018-06-29,27.0
2018-06-30,17.9
2018-07-01,16.9
2018-07-02,14.1
2018-07-03,21.8
2018-07-04,25.8
2018-07-05,29.7
2018-07-06,26.5
2018-07-07,26.7
2018-07-08,25.6
2018-07-09,25.9
2018-07-10,27.1
2018-07-11,25.5
2018-07-12,23.0
2018-07-13,22.6
2018-07-14,21.5
2018-07-15,23.0
2018-07-16,22.3
2018-07-17,22.4
2018-07-18,26.3
2018-07-19,26.7
2018-07-20,25.9
2018-07-21,25.3
2018-07-22,27.2
2018-07-23,27.0
2018-07-24,27.4
2018-07-25,27.0
2018-07-26,26.8
2018-07-27,27.5
2018-07-28,27.4
2018-07-29,28.3
2018-07-30,30.0
2018-07-31,30.6
2018-08-01,30.0
2018-08-02,31.5
2018-08-03,31.1
2018-08-04,30.3
2018-08-05,27.6
2018-08-06,23.9
2018-08-07,28.0
2018-08-08,30.8
2018-08-09,32.0
2018-08-10,32.0
2018-08-11,21.0
2018-08-12,22.4
2018-08-13,28.8
2018-08-14,27.5
2018-08-15,24.0
2018-08-16,24.7
2018-08-17,26.2
2018-08-18,27.3
2018-08-19,27.8
2018-08-20,30.8
2018-08-21,23.0
2018-08-22,23.2
2018-08-23,28.4
2018-08-24,29.5
2018-08-25,19.1
2018-08-26,15.8
2018-08-27,19.9
2018-08-28,21.3
2018-08-29,21.9
2018-08-30,24.9
2018-08-31,21.5
2018-09-01,23.7
2018-09-02,26.0
2018-09-03,24.8
2018-09-04,24.6
2018-09-05,23.1
2018-09-06,24.1
2018-09-07,25.3
2018-09-08,22.5
2018-09-09,20.5
2018-09-10,23.2
2018-09-11,23.8
2018-09-12,27.7
2018-09-13,21.4
2018-09-14,18.0
2018-09-15,19.0
2018-09-16,18.8
2018-09-17,22.9
2018-09-18,25.5
2018-09-19,27.2
2018-09-20,28.0
2018-09-21,26.8
2018-09-22,19.7
2018-09-23,14.5
2018-09-24,12.5
2018-09-25,11.7
2018-09-26,13.2
2018-09-27,18.0
2018-09-28,18.8
2018-09-29,13.1
2018-09-30,14.5
2018-10-01,16.2
2018-10-02,12.4
2018-10-03,11.6
2018-10-04,12.6
2018-10-05,17.0
2018-10-06,19.8
2018-10-07,20.8
2018-10-08,12.6
2018-10-09,15.4
2018-10-10,18.8
2018-10-11,20.0
2018-10-12,20.6
2018-10-13,20.5
2018-10-14,19.9
2018-10-15,19.4
2018-10-16,19.2
2018-10-17,19.9
2018-10-18,19.6
2018-10-19,15.4
2018-10-20,10.6
2018-10-21,12.2
2018-10-22,11.6
2018-10-23,8.3
2018-10-24,8.1
2018-10-25,10.6
2018-10-26,10.1
2018-10-27,11.6
2018-10-28,7.1
2018-10-29,12.5
2018-10-30,20.2
2018-10-31,16.1
2018-11-01,15.8
2018-11-02,18.5
2018-11-03,10.2
2018-11-04,12.7
2018-11-05,13.4
2018-11-06,15.4
2018-11-07,13.6
2018-11-08,15.0
2018-11-09,10.9
2018-11-10,11.8
2018-11-11,10.1
2018-11-12,13.1
2018-11-13,13.4
2018-11-14,9.2
2018-11-15,9.2
2018-11-16,5.2
2018-11-17,3.5
2018-11-18,1.1
2018-11-19,2.4
2018-11-20,1.7
2018-11-21,1.2
2018-11-22,1.1
2018-11-23,0.3
2018-11-24,1.1
2018-11-25,2.8
2018-11-26,1.5
2018-11-27,1.8
2018-11-28,-0.1
2018-11-29,-1.2
2018-11-30,-2.2
2018-12-01,-2.6
2018-12-02,3.7
2018-12-03,5.9
2018-12-04,7.2
2018-12-05,3.2
2018-12-06,2.2
2018-12-07,6.1
2018-12-08,7.8
2018-12-09,6.2
2018-12-10,5.0
2018-12-11,3.3
2018-12-12,2.0
2018-12-13,0.8
2018-12-14,0.3
2018-12-15,1.2
2018-12-16,-0.6
2018-12-17,-0.1
2018-12-18,-0.3
2018-12-19,-1.3
2018-12-20,-0.8
2018-12-21,3.1
2018-12-22,6.4
2018-12-23,4.4
2018-12-24,2.2
2018-12-25,3.6
2018-12-26,4.9
2018-12-27,6.7
2018-12-28,6.2
2018-12-29,4.8
2018-12-30,5.1
2018-12-31,4.4
2019-01-01,6.2
2019-01-02,2.5
2019-01-03,-0.6
2019-01-04,0.1
2019-01-05,2.1
2019-01-06,-2.1
2019-01-07,-3.0
2019-01-08,1.1
2019-01-09,-0.9
2019-01-10,-6.2
2019-01-11,0.1
2019-01-12,1.6
2019-01-13,3.3
2019-01-14,3.5
2019-01-15,3.3
2019-01-16,5.1
2019-01-17,5.2
2019-01-18,3.4
2019-01-19,0.3
2019-01-20,0.2
2019-01-21,-1.1
2019-01-22,-1.0
2019-01-23,-2.1
2019-01-24,-2.7
2019-01-25,-4.8
2019-01-26,-2.0
2019-01-27,-0.4
2019-01-28,2.5
2019-01-29,2.3
2019-01-30,1.2
2019-01-31,0.6
2019-02-01,2.0
2019-02-02,8.9
2019-02-03,4.6
2019-02-04,1.5
2019-02-05,1.9
2019-02-06,3.7
2019-02-07,6.4
2019-02-08,6.8
2019-02-09,6.3
2019-02-10,8.9
2019-02-11,7.3
2019-02-12,2.8
2019-02-13,5.3
2019-02-14,7.1
2019-02-15,7.7
2019-02-16,8.6
2019-02-17,9.4
2019-02-18,11.1
2019-02-19,12.6
2019-02-20,6.9
2019-02-21,5.8
2019-02-22,-0.6
2019-02-23,-0.9
2019-02-24,4.1
2019-02-25,6.9
2019-02-26,9.2
2019-02-27,10.4
2019-02-28,10.8
2019-03-01,5.1
2019-03-02,0.9
2019-03-03,8.1
2019-03-04,14.6
2019-03-05,8.9
2019-03-06,7.4
2019-03-07,13.6
2019-03-08,12.7
2019-03-09,10.8
2019-03-10,8.6
2019-03-11,6.6
2019-03-12,4.5
2019-03-13,7.2
2019-03-14,7.9
2019-03-15,8.4
2019-03-16,7.9
2019-03-17,15.7
2019-03-18,9.4
2019-03-19,7.5
2019-03-20,8.1
2019-03-21,11.9
2019-03-22,13.6
2019-03-23,14.4
2019-03-24,10.7
2019-03-25,8.5
2019-03-26,6.2
2019-03-27,9.1
2019-03-28,11.2
2019-03-29,12.2
2019-03-30,14.1
2019-03-31,15.1
2019-04-01,8.3
2019-04-02,11.0
2019-04-03,14.1
2019-04-04,17.0
2019-04-05,18.6
2019-04-06,16.9
2019-04-07,15.2
2019-04-08,17.8
2019-04-09,9.1
2019-04-10,8.9
2019-04-11,7.6
2019-04-12,6.9
2019-04-13,6.8
2019-04-14,11.9
2019-04-15,11.8
2019-04-16,11.4
2019-04-17,18.2
2019-04-18,20.0
2019-04-19,20.1
2019-04-20,19.0
2019-04-21,17.3
2019-04-22,16.6
2019-04-23,19.0
2019-04-24,19.6
2019-04-25,24.1
2019-04-26,27.5
2019-04-27,19.9
2019-04-28,13.8
2019-04-29,21.4
2019-04-30,18.9
2019-05-01,18.4
2019-05-02,16.8
2019-05-03,13.2
2019-05-04,14.3
2019-05-05,12.6
2019-05-06,14.7
2019-05-07,13.4
2019-05-08,14.8
2019-05-09,17.0
2019-05-10,16.1
2019-05-11,18.1
2019-05-12,22.1
2019-05-13,11.9
2019-05-14,8.5
2019-05-15,12.9
2019-05-16,18.4
2019-05-17,20.6
2019-05-18,21.0
2019-05-19,21.9
2019-05-20,23.7
2019-05-21,21.2
2019-05-22,19.6
2019-05-23,20.4
2019-05-24,19.8
2019-05-25,21.4
2019-05-26,19.4
2019-05-27,22.8
2019-05-28,23.1
2019-05-29,15.7
2019-05-30,18.4
2019-05-31,22.4
2019-06-01,23.1
2019-06-02,24.6
2019-06-03,26.2
2019-06-04,27.8
2019-06-05,28.0
2019-06-06,26.8
2019-06-07,27.8
2019-06-08,28.0
2019-06-09,25.2
2019-06-10,29.5
2019-06-11,32.7
2019-06-12,32.1
2019-06-13,30.6
2019-06-14,29.3
2019-06-15,31.8
2019-06-16,27.3
2019-06-17,23.4
2019-06-18,26.0
2019-06-19,28.5
2019-06-20,27.2
2019-06-21,26.8
2019-06-22,25.0
2019-06-23,24.9
2019-06-24,28.0
2019-06-25,31.0
2019-06-26,34.8
2019-06-27,24.9
2019-06-28,23.8
2019-06-29,26.2
2019-06-30,33.5
2019-07-01,27.3
2019-07-02,24.7
2019-07-03,20.1
2019-07-04,21.2
2019-07-05,18.7
2019-07-06,20.9
2019-07-07,20.5
2019-07-08,19.2
2019-07-09,17.8
2019-07-10,18.4
2019-07-11,20.2
2019-07-12,24.2
2019-07-13,23.0
2019-07-14,21.8
2019-07-15,22.6
2019-07-16,18.9
2019-07-17,19.3
2019-07-18,22.4
2019-07-19,27.3
2019-07-20,27.5
2019-07-21,28.4
2019-07-22,25.6
2019-07-23,22.3
2019-07-24,24.8
2019-07-25,28.1
2019-07-26,26.4
2019-07-27,26.0
2019-07-28,31.0
2019-07-29,31.4
2019-07-30,31.4
2019-07-31,23.8
2019-08-01,23.4
2019-08-02,21.1
2019-08-03,22.5
2019-08-04,23.5
2019-08-05,23.4
2019-08-06,28.1
2019-08-07,26.2
2019-08-08,24.8
2019-08-09,25.4
2019-08-10,26.7
2019-08-11,28.6
2019-08-12,30.0
2019-08-13,25.0
2019-08-14,19.6
2019-08-15,22.6
2019-08-16,24.8
2019-08-17,24.8
2019-08-18,28.5
2019-08-19,29.1
2019-08-20,26.0
2019-08-21,20.8
2019-08-22,22.3
2019-08-23,24.6
2019-08-24,25.9
2019-08-25,26.9
2019-08-26,29.7
2019-08-27,30.6
2019-08-28,31.1
2019-08-29,32.0
2019-08-30,29.2
2019-08-31,28.2
2019-09-01,30.1
2019-09-02,23.5
2019-09-03,20.5
2019-09-04,22.4
2019-09-05,25.1
2019-09-06,20.0
2019-09-07,23.2
2019-09-08,17.5
2019-09-09,25.5
2019-09-10,18.5
2019-09-11,22.2
2019-09-12,23.1
2019-09-13,22.6
2019-09-14,17.7
2019-09-15,20.2
2019-09-16,17.4
2019-09-17,15.4
2019-09-18,13.9
2019-09-19,14.2
2019-09-20,13.4
2019-09-21,15.8
2019-09-22,20.0
2019-09-23,16.4
2019-09-24,16.0
2019-09-25,16.9
2019-09-26,17.0
2019-09-27,17.9
2019-09-28,18.6
2019-09-29,17.9
2019-09-30,16.6
2019-10-01,18.3
2019-10-02,17.0
2019-10-03,12.3
2019-10-04,11.2
2019-10-05,12.0
2019-10-06,8.1
2019-10-07,8.8
2019-10-08,10.4
2019-10-09,14.9
2019-10-10,13.1
2019-10-11,15.7
2019-10-12,19.6
2019-10-13,22.4
2019-10-14,22.9
2019-10-15,21.5
2019-10-16,20.4
2019-10-17,18.0
2019-10-18,19.5
2019-10-19,18.0
2019-10-20,21.2
2019-10-21,21.5
2019-10-22,19.9
2019-10-23,14.4
2019-10-24,18.2
2019-10-25,17.1
2019-10-26,18.7
2019-10-27,19.0
2019-10-28,10.1
2019-10-29,8.1
2019-10-30,7.4
2019-10-31,7.0
2019-11-01,7.2
2019-11-02,9.2
2019-11-03,13.8
2019-11-04,16.2
2019-11-05,13.7
2019-11-06,11.5
2019-11-07,10.3
2019-11-08,8.2
2019-11-09,11.6
2019-11-10,9.0
2019-11-11,6.6
2019-11-12,9.5
2019-11-13,11.6
2019-11-14,9.7
2019-11-15,8.9
2019-11-16,14.1
2019-11-17,14.6
2019-11-18,12.9
2019-11-19,12.9
2019-11-20,10.7
2019-11-21,10.0
2019-11-22,4.9
2019-11-23,2.8
2019-11-24,4.2
2019-11-25,2.6
2019-11-26,3.2
2019-11-27,7.3
2019-11-28,10.2
2019-11-29,9.6
2019-11-30,3.8
2019-12-01,3.3
2019-12-02,2.8
2019-12-03,2.2
2019-12-04,4.2
2019-12-05,3.5
2019-12-06,3.8
2019-12-07,6.1
2019-12-08,8.2
2019-12-09,9.3
2019-12-10,4.8
2019-12-11,1.2
2019-12-12,2.7
2019-12-13,4.5
2019-12-14,5.3
2019-12-15,8.1
2019-12-16,6.7
2019-12-17,10.1
2019-12-18,11.6
2019-12-19,7.2
2019-12-20,10.1
2019-12-21,10.5
2019-12-22,7.5
2019-12-23,6.3
2019-12-24,5.9
2019-12-25,5.3
2019-12-26,4.3
2019-12-27,2.7
2019-12-28,1.2
2019-12-29,-0.4
2019-12-30,5.8
2019-12-31,5.7
2020-01-01,2.8
2020-01-02,4.2
2020-01-03,3.8
2020-01-04,4.8
2020-01-05,2.8
2020-01-06,1.2
2020-01-07,2.0
2020-01-08,5.3
2020-01-09,6.8
2020-01-10,8.6
2020-01-11,7.1
2020-01-12,4.9
2020-01-13,5.8
2020-01-14,6.4
2020-01-15,8.8
2020-01-16,7.6
2020-01-17,1.8
2020-01-18,4.7
2020-01-19,4.5
2020-01-20,3.3
2020-01-21,5.6
2020-01-22,5.2
2020-01-23,2.9
2020-01-24,2.9
2020-01-25,2.2
2020-01-26,1.7
2020-01-27,4.3
2020-01-28,3.7
2020-01-29,3.5
2020-01-30,4.9
2020-01-31,8.9
2020-02-01,11.6
2020-02-02,9.4
2020-02-03,6.0
2020-02-04,5.9
2020-02-05,2.3
2020-02-06,4.7
2020-02-07,3.0
2020-02-08,4.6
2020-02-09,7.0
2020-02-10,8.7
2020-02-11,4.1
2020-02-12,4.3
2020-02-13,5.6
2020-02-14,2.5
2020-02-15,4.3
2020-02-16,11.1
2020-02-17,13.4
2020-02-18,9.1
2020-02-19,8.5
2020-02-20,5.6
2020-02-21,4.9
2020-02-22,10.6
2020-02-23,7.9
2020-02-24,6.2
2020-02-25,11.2
2020-02-26,8.4
2020-02-27,4.0
2020-02-28,5.3
2020-02-29,7.9
2020-03-01,11.3
2020-03-02,6.4
2020-03-03,10.8
2020-03-04,7.0
2020-03-05,8.6
2020-03-06,6.8
2020-03-07,9.0
2020-03-08,6.3
2020-03-09,8.6
2020-03-10,11.1
2020-03-11,11.9
2020-03-12,15.6
2020-03-13,9.6
2020-03-14,4.6
2020-03-15,5.9
2020-03-16,11.2
2020-03-17,12.9
2020-03-18,16.1
2020-03-19,15.1
2020-03-20,9.6
2020-03-21,5.4
2020-03-22,2.7
2020-03-23,3.3
2020-03-24,5.0
2020-03-25,7.3
2020-03-26,10.9
2020-03-27,13.9
2020-03-28,16.8
2020-03-29,13.9
2020-03-30,3.3
2020-03-31,4.8
2020-04-01,7.4
2020-04-02,9.0
2020-04-03,11.1
2020-04-04,10.1
2020-04-05,13.0
2020-04-06,17.8
2020-04-07,21.1
2020-04-08,18.6
2020-04-09,21.7
2020-04-10,14.1
2020-04-11,13.4
2020-04-12,19.3
2020-04-13,15.5
2020-04-14,8.4
2020-04-15,9.9
2020-04-16,16.8
2020-04-17,14.2
2020-04-18,11.9
2020-04-19,12.1
2020-04-20,13.0
2020-04-21,15.0
2020-04-22,17.0
2020-04-23,18.0
2020-04-24,19.8
2020-04-25,13.6
2020-04-26,13.2
2020-04-27,17.9
2020-04-28,22.7
2020-04-29,13.9
2020-04-30,15.8
2020-05-01,19.2
2020-05-02,16.3
2020-05-03,13.9
2020-05-04,15.6
2020-05-05,10.4
2020-05-06,11.5
2020-05-07,15.8
2020-05-08,17.8
2020-05-09,19.1
2020-05-10,23.8
2020-05-11,24.9
2020-05-12,10.5
2020-05-13,12.9
2020-05-14,13.0
2020-05-15,14.6
2020-05-16,13.7
2020-05-17,16.2
2020-05-18,16.0
2020-05-19,15.6
2020-05-20,15.5
2020-05-21,13.5
2020-05-22,16.4
2020-05-23,18.1
2020-05-24,17.6
2020-05-25,15.7
2020-05-26,18.0
2020-05-27,19.1
2020-05-28,18.5
2020-05-29,17.2
2020-05-30,16.6
2020-05-31,19.6
2020-06-01,18.4
2020-06-02,19.0
2020-06-03,16.1
2020-06-04,19.9
2020-06-05,21.6
2020-06-06,23.6
2020-06-07,25.2
2020-06-08,23.1
2020-06-09,18.9
2020-06-10,21.5
2020-06-11,25.1
2020-06-12,29.4
2020-06-13,27.2
2020-06-14,21.0
2020-06-15,21.5
2020-06-16,23.6
2020-06-17,26.6
2020-06-18,24.3
2020-06-19,25.0
2020-06-20,24.0
2020-06-21,26.0
2020-06-22,23.0
2020-06-23,21.6
2020-06-24,22.5
2020-06-25,26.7
2020-06-26,26.9
2020-06-27,23.9
2020-06-28,28.0
2020-06-29,25.1
2020-06-30,22.4
2020-07-01,25.5
2020-07-02,26.0
2020-07-03,24.3
2020-07-04,24.5
2020-07-05,27.4
2020-07-06,25.9
2020-07-07,18.6
2020-07-08,18.5
2020-07-09,21.1
2020-07-10,27.8
2020-07-11,18.8
2020-07-12,18.9
2020-07-13,18.6
2020-07-14,22.4
2020-07-15,24.1
2020-07-16,20.3
2020-07-17,21.1
2020-07-18,26.5
2020-07-19,27.2
2020-07-20,27.8
2020-07-21,22.1
2020-07-22,21.5
2020-07-23,19.9
2020-07-24,25.0
2020-07-25,26.5
2020-07-26,29.0
2020-07-27,27.6
2020-07-28,31.2
2020-07-29,25.1
2020-07-30,24.2
2020-07-31,23.3
2020-08-01,24.5
2020-08-02,27.0
2020-08-03,24.8
2020-08-04,19.4
2020-08-05,23.2
2020-08-06,27.5
2020-08-07,30.0
2020-08-08,30.6
2020-08-09,29.1
2020-08-10,29.2
2020-08-11,28.0
2020-08-12,25.9
2020-08-13,27.5
2020-08-14,28.1
2020-08-15,27.0
2020-08-16,27.9
2020-08-17,27.7
2020-08-18,26.2
2020-08-19,23.5
2020-08-20,26.6
2020-08-21,30.2
2020-08-22,31.9
2020-08-23,24.3
2020-08-24,23.6
2020-08-25,21.6
2020-08-26,24.8
2020-08-27,18.5
2020-08-28,20.0
2020-08-29,22.5
2020-08-30,19.6
2020-08-31,20.6
2020-09-01,15.6
2020-09-02,18.0
2020-09-03,20.0
2020-09-04,21.2
2020-09-05,25.0
2020-09-06,18.5
2020-09-07,18.0
2020-09-08,20.3
2020-09-09,22.0
2020-09-10,18.6
2020-09-11,18.9
2020-09-12,23.2
2020-09-13,20.6
2020-09-14,24.6
2020-09-15,27.0
2020-09-16,27.6
2020-09-17,18.7
2020-09-18,17.4
2020-09-19,18.9
2020-09-20,19.4
2020-09-21,22.4
2020-09-22,24.9
2020-09-23,25.8
2020-09-24,23.6
2020-09-25,23.8
2020-09-26,23.5
2020-09-27,14.9
2020-09-28,16.0
2020-09-29,15.5
2020-09-30,16.1
2020-10-01,14.4
2020-10-02,15.2
2020-10-03,22.1
2020-10-04,23.2
2020-10-05,20.9
2020-10-06,18.0
2020-10-07,18.0
2020-10-08,15.1
2020-10-09,16.0
2020-10-10,18.5
2020-10-11,11.4
2020-10-12,8.1
2020-10-13,9.4
2020-10-14,10.7
2020-10-15,8.7
2020-10-16,8.4
2020-10-17,6.9
2020-10-18,8.9
2020-10-19,9.7
2020-10-20,11.6
2020-10-21,13.7
2020-10-22,18.5
2020-10-23,15.7
2020-10-24,15.3
2020-10-25,14.9
2020-10-26,15.1
2020-10-27,16.0
2020-10-28,15.1
2020-10-29,13.9
2020-10-30,10.8
2020-10-31,8.4
2020-11-01,8.6
2020-11-02,12.8
2020-11-03,16.4
2020-11-04,9.9
2020-11-05,9.8
2020-11-06,10.6
2020-11-07,11.2
2020-11-08,10.1
2020-11-09,9.4
2020-11-10,8.1
2020-11-11,7.4
2020-11-12,8.1
2020-11-13,7.2
2020-11-14,8.8
2020-11-15,11.3
2020-11-16,9.5
2020-11-17,10.8
2020-11-18,11.6
2020-11-19,11.2
2020-11-20,6.7
2020-11-21,3.5
2020-11-22,6.7
2020-11-23,6.8
2020-11-24,7.2
2020-11-25,5.4
2020-11-26,3.6
2020-11-27,5.5
2020-11-28,2.8
2020-11-29,1.4
2020-11-30,2.1
2020-12-01,2.2
2020-12-02,-0.4
2020-12-03,1.0
2020-12-04,5.2
2020-12-05,10.1
2020-12-06,6.5
2020-12-07,2.2
2020-12-08,-0.3
2020-12-09,0.2
2020-12-10,1.0
2020-12-11,2.7
2020-12-12,3.2
2020-12-13,1.9
2020-12-14,2.4
2020-12-15,2.2
2020-12-16,4.1
2020-12-17,5.3
2020-12-18,5.7
2020-12-19,3.8
2020-12-20,4.2
2020-12-21,3.9
2020-12-22,9.1
2020-12-23,8.8
2020-12-24,10.1
2020-12-25,3.9
2020-12-26,1.8
2020-12-27,0.7
2020-12-28,6.0
2020-12-29,6.4
2020-12-30,5.2
2020-12-31,1.9
2021-01-01,0.9
2021-01-02,2.2
2021-01-03,3.2
2021-01-04,3.3
2021-01-05,4.0
2021-01-06,2.5
2021-01-07,2.7
2021-01-08,1.2
2021-01-09,0.8
2021-01-10,0.8
2021-01-11,1.8
2021-01-12,1.1
2021-01-13,0.6
2021-01-14,-0.8
2021-01-15,-3.7
2021-01-16,-3.0
2021-01-17,-11.6
2021-01-18,-12.4
2021-01-19,0.2
2021-01-20,2.6
2021-01-21,4.9
2021-01-22,7.2
2021-01-23,6.4
2021-01-24,1.8
2021-01-25,1.2
2021-01-26,1.1
2021-01-27,1.1
2021-01-28,1.4
2021-01-29,-0.2
2021-01-30,-0.6
2021-01-31,-2.0
2021-02-01,-4.7
2021-02-02,1.4
2021-02-03,3.8
2021-02-04,5.4
2021-02-05,0.3
2021-02-06,-4.0
2021-02-07,-8.2
2021-02-08,-7.8
2021-02-09,-5.8
2021-02-10,-5.1
2021-02-11,-9.0
2021-02-12,-9.4
2021-02-13,-0.8
2021-02-14,-1.1
2021-02-15,-1.5
2021-02-16,-1.4
2021-02-17,-0.4
2021-02-18,-3.6
2021-02-19,2.7
2021-02-20,4.3
2021-02-21,7.9
2021-02-22,11.1
2021-02-23,9.6
2021-02-24,15.4
2021-02-25,16.9
2021-02-26,10.2
2021-02-27,8.4
2021-02-28,5.5
2021-03-01,4.8
2021-03-02,8.6
2021-03-03,7.3
2021-03-04,5.6
2021-03-05,3.4
2021-03-06,4.2
2021-03-07,3.3
2021-03-08,3.2
2021-03-09,1.7
2021-03-10,3.6
2021-03-11,3.1
2021-03-12,7.9
2021-03-13,10.2
2021-03-14,8.9
2021-03-15,7.4
2021-03-16,8.6
2021-03-17,4.6
2021-03-18,4.0
2021-03-19,3.0
2021-03-20,1.8
2021-03-21,1.6
2021-03-22,5.7
2021-03-23,8.6
2021-03-24,7.4
2021-03-25,9.9
2021-03-26,13.2
2021-03-27,17.4
2021-03-28,8.6
2021-03-29,10.6
2021-03-30,15.3
2021-03-31,19.2
2021-04-01,19.4
2021-04-02,10.1
2021-04-03,8.0
2021-04-04,7.4
2021-04-05,10.8
2021-04-06,4.4
2021-04-07,5.1
2021-04-08,6.4
2021-04-09,10.9
2021-04-10,15.4
2021-04-11,18.9
2021-04-12,17.9
2021-04-13,6.1
2021-04-14,4.6
2021-04-15,6.4
2021-04-16,7.2
2021-04-17,13.1
2021-04-18,14.5
2021-04-19,17.0
2021-04-20,15.2
2021-04-21,15.8
2021-04-22,10.2
2021-04-23,9.6
2021-04-24,10.0
2021-04-25,7.9
2021-04-26,7.7
2021-04-27,7.9
2021-04-28,14.0
2021-04-29,19.0
2021-04-30,14.9
2021-05-01,9.8
2021-05-02,13.4
2021-05-03,10.1
2021-05-04,15.0
2021-05-05,14.1
2021-05-06,12.7
2021-05-07,9.5
2021-05-08,10.7
2021-05-09,19.0
2021-05-10,23.9
2021-05-11,25.9
2021-05-12,25.6
2021-05-13,20.6
2021-05-14,19.8
2021-05-15,19.2
2021-05-16,19.3
2021-05-17,19.8
2021-05-18,18.0
2021-05-19,15.2
2021-05-20,16.4
2021-05-21,18.5
2021-05-22,16.9
2021-05-23,17.2
2021-05-24,19.4
2021-05-25,17.5
2021-05-26,18.0
2021-05-27,16.9
2021-05-28,16.8
2021-05-29,15.2
2021-05-30,17.0
2021-05-31,17.0
2021-06-01,19.1
2021-06-02,19.4
2021-06-03,22.5
2021-06-04,24.2
2021-06-05,21.8
2021-06-06,24.1
2021-06-07,25.1
2021-06-08,25.5
2021-06-09,23.4
2021-06-10,23.8
2021-06-11,23.6
2021-06-12,24.4
2021-06-13,18.8
2021-06-14,21.9
2021-06-15,24.5
2021-06-16,24.1
2021-06-17,26.9
2021-06-18,30.1
2021-06-19,30.5
2021-06-20,30.0
2021-06-21,31.3
2021-06-22,32.8
2021-06-23,27.5
2021-06-24,28.2
2021-06-25,24.2
2021-06-26,23.4
2021-06-27,24.0
2021-06-28,25.2
2021-06-29,28.4
2021-06-30,25.8
2021-07-01,26.0
2021-07-02,21.6
2021-07-03,21.8
2021-07-04,23.8
2021-07-05,25.5
2021-07-06,28.0
2021-07-07,30.5
2021-07-08,31.1
2021-07-09,32.0
2021-07-10,23.4
2021-07-11,26.6
2021-07-12,30.9
2021-07-13,29.8
2021-07-14,33.3
2021-07-15,28.8
2021-07-16,27.5
2021-07-17,29.5
2021-07-18,27.0
2021-07-19,23.8
2021-07-20,23.9
2021-07-21,23.1
2021-07-22,24.1
2021-07-23,23.9
2021-07-24,26.0
2021-07-25,30.0
2021-07-26,26.5
2021-07-27,28.5
2021-07-28,30.6
2021-07-29,26.3
2021-07-30,26.5
2021-07-31,27.6
2021-08-01,26.0
2021-08-02,20.0
2021-08-03,22.7
2021-08-04,19.4
2021-08-05,18.8
2021-08-06,15.2
2021-08-07,23.5
2021-08-08,23.0
2021-08-09,23.8
2021-08-10,23.0
2021-08-11,21.9
2021-08-12,21.5
2021-08-13,26.0
2021-08-14,27.7
2021-08-15,26.8
2021-08-16,28.4
2021-08-17,19.0
2021-08-18,19.4
2021-08-19,21.5
2021-08-20,22.5
2021-08-21,20.6
2021-08-22,22.1
2021-08-23,20.1
2021-08-24,18.0
2021-08-25,16.6
2021-08-26,17.2
2021-08-27,18.1
2021-08-28,16.6
2021-08-29,18.6
2021-08-30,17.0
2021-08-31,19.0
2021-09-01,19.0
2021-09-02,18.1
2021-09-03,21.2
2021-09-04,16.6
2021-09-05,16.0
2021-09-06,17.0
2021-09-07,19.8
2021-09-08,23.0
2021-09-09,24.5
2021-09-10,25.1
2021-09-11,25.4
2021-09-12,22.1
2021-09-13,20.9
2021-09-14,19.0
2021-09-15,22.0
2021-09-16,21.1
2021-09-17,17.5
2021-09-18,13.8
2021-09-19,11.5
2021-09-20,9.9
2021-09-21,13.0
2021-09-22,13.6
2021-09-23,16.9
2021-09-24,15.7
2021-09-25,18.4
2021-09-26,18.5
2021-09-27,17.8
2021-09-28,15.0
2021-09-29,15.9
2021-09-30,13.9
2021-10-01,15.5
2021-10-02,17.8
2021-10-03,17.9
2021-10-04,20.8
2021-10-05,19.5
2021-10-06,17.2
2021-10-07,14.9
2021-10-08,12.7
2021-10-09,12.5
2021-10-10,12.6
2021-10-11,13.1
2021-10-12,11.5
2021-10-13,9.1
2021-10-14,11.8
2021-10-15,14.5
2021-10-16,11.0
2021-10-17,11.4
2021-10-18,12.1
2021-10-19,13.7
2021-10-20,18.2
2021-10-21,17.1
2021-10-22,10.7
2021-10-23,9.1
2021-10-24,9.9
2021-10-25,11.1
2021-10-26,11.6
2021-10-27,13.4
2021-10-28,14.1
2021-10-29,14.2
2021-10-30,15.2
2021-10-31,15.8
2021-11-01,13.3
2021-11-02,10.9
2021-11-03,10.9
2021-11-04,13.4
2021-11-05,9.7
2021-11-06,10.2
2021-11-07,9.1
2021-11-08,8.4
2021-11-09,5.6
2021-11-10,9.1
2021-11-11,8.5
2021-11-12,8.6
2021-11-13,8.1
2021-11-14,5.2
2021-11-15,6.1
2021-11-16,7.1
2021-11-17,7.3
2021-11-18,7.8
2021-11-19,11.2
2021-11-20,11.1
2021-11-21,9.1
2021-11-22,5.7
2021-11-23,4.0
2021-11-24,5.9
2021-11-25,4.5
2021-11-26,3.4
2021-11-27,2.4
2021-11-28,4.5
2021-11-29,2.5
2021-11-30,2.3
2021-12-01,5.4
2021-12-02,6.5
2021-12-03,2.2
2021-12-04,1.8
2021-12-05,0.2
2021-12-06,0.2
2021-12-07,-1.9
2021-12-08,-3.8
2021-12-09,-0.8
2021-12-10,1.8
2021-12-11,0.6
2021-12-12,-0.1
2021-12-13,-1.0
2021-12-14,1.4
2021-12-15,4.9
2021-12-16,6.9
2021-12-17,4.2
2021-12-18,3.2
2021-12-19,5.4
2021-12-20,1.2
2021-12-21,-2.8
2021-12-22,-2.7
2021-12-23,-1.5
2021-12-24,0.6
2021-12-25,-1.9
2021-12-26,-4.9
2021-12-27,-5.7
2021-12-28,-2.7
2021-12-29,0.4
2021-12-30,3.8
2021-12-31,10.6
2022-01-01,9.2
2022-01-02,8.8
2022-01-03,9.1
2022-01-04,6.2
2022-01-05,5.4
2022-01-06,2.3
2022-01-07,0.8
2022-01-08,0.1
2022-01-09,1.2
2022-01-10,-0.6
2022-01-11,-4.0
2022-01-12,-0.9
2022-01-13,3.2
2022-01-14,6.1
2022-01-15,2.0
2022-01-16,1.2
2022-01-17,3.4
2022-01-18,2.4
2022-01-19,3.7
2022-01-20,2.0
2022-01-21,0.4
2022-01-22,0.2
2022-01-23,-0.2
2022-01-24,0.5
2022-01-25,1.8
2022-01-26,3.2
2022-01-27,3.5
2022-01-28,2.8
2022-01-29,5.4
2022-01-30,5.9
2022-01-31,2.4
2022-02-01,1.7
2022-02-02,2.5
2022-02-03,1.7
2022-02-04,4.3
2022-02-05,4.5
2022-02-06,5.1
2022-02-07,4.2
2022-02-08,5.8
2022-02-09,7.7
2022-02-10,8.1
2022-02-11,4.5
2022-02-12,3.3
2022-02-13,5.7
2022-02-14,7.8
2022-02-15,7.7
2022-02-16,9.6
2022-02-17,9.4
2022-02-18,7.6
2022-02-19,9.5
2022-02-20,6.4
2022-02-21,8.4
2022-02-22,6.2
2022-02-23,6.2
2022-02-24,9.1
2022-02-25,7.4
2022-02-26,6.7
2022-02-27,4.4
2022-02-28,3.6
2022-03-01,4.8
2022-03-02,5.3
2022-03-03,4.6
2022-03-04,4.5
2022-03-05,2.1
2022-03-06,1.9
2022-03-07,5.3
2022-03-08,4.9
2022-03-09,5.8
2022-03-10,1.5
2022-03-11,3.0
2022-03-12,6.3
2022-03-13,9.2
2022-03-14,9.6
2022-03-15,10.9
2022-03-16,12.0
2022-03-17,9.5
2022-03-18,7.0
2022-03-19,8.2
2022-03-20,9.8
2022-03-21,12.2
2022-03-22,15.1
2022-03-23,17.3
2022-03-24,12.6
2022-03-25,14.9
2022-03-26,10.9
2022-03-27,8.4
2022-03-28,17.0
2022-03-29,9.8
2022-03-30,9.5
2022-03-31,7.1
2022-04-01,2.5
2022-04-02,3.5
2022-04-03,2.6
2022-04-04,6.5
2022-04-05,7.8
2022-04-06,11.2
2022-04-07,16.5
2022-04-08,10.1
2022-04-09,9.2
2022-04-10,7.4
2022-04-11,7.9
2022-04-12,11.1
2022-04-13,14.1
2022-04-14,19.2
2022-04-15,13.8
2022-04-16,8.6
2022-04-17,10.3
2022-04-18,11.4
2022-04-19,7.2
2022-04-20,9.2
2022-04-21,13.5
2022-04-22,11.8
2022-04-23,11.8
2022-04-24,14.3
2022-04-25,11.9
2022-04-26,11.2
2022-04-27,14.2
2022-04-28,15.0
2022-04-29,15.3
2022-04-30,17.5
2022-05-01,18.0
2022-05-02,18.1
2022-05-03,16.4
2022-05-04,16.6
2022-05-05,20.9
2022-05-06,19.2
2022-05-07,19.6
2022-05-08,20.0
2022-05-09,17.5
2022-05-10,19.9
2022-05-11,24.7
2022-05-12,24.5
2022-05-13,21.6
2022-05-14,17.6
2022-05-15,18.0
2022-05-16,19.5
2022-05-17,17.5
2022-05-18,18.0
2022-05-19,24.2
2022-05-20,27.5
2022-05-21,18.0
2022-05-22,14.9
2022-05-23,17.8
2022-05-24,20.9
2022-05-25,19.3
2022-05-26,19.8
2022-05-27,15.4
2022-05-28,13.3
2022-05-29,16.1
2022-05-30,14.4
2022-05-31,19.1
2022-06-01,19.8
2022-06-02,18.2
2022-06-03,22.8
2022-06-04,23.2
2022-06-05,22.8
2022-06-06,25.9
2022-06-07,24.8
2022-06-08,22.4
2022-06-09,24.7
2022-06-10,24.1
2022-06-11,23.0
2022-06-12,23.9
2022-06-13,20.7
2022-06-14,18.0
2022-06-15,19.8
2022-06-16,23.5
2022-06-17,21.6
2022-06-18,26.0
2022-06-19,31.5
2022-06-20,26.5
2022-06-21,16.2
2022-06-22,22.5
2022-06-23,24.9
2022-06-24,27.6
2022-06-25,28.8
2022-06-26,31.0
2022-06-27,30.5
2022-06-28,32.9
2022-06-29,27.1
2022-06-30,30.6
2022-07-01,33.2
2022-07-02,21.9
2022-07-03,25.6
2022-07-04,27.4
2022-07-05,26.5
2022-07-06,22.4
2022-07-07,21.2
2022-07-08,21.5
2022-07-09,20.6
2022-07-10,18.6
2022-07-11,18.0
2022-07-12,19.7
2022-07-13,25.9
2022-07-14,24.1
2022-07-15,19.8
2022-07-16,20.2
2022-07-17,20.5
2022-07-18,24.1
2022-07-19,28.3
2022-07-20,30.0
2022-07-21,30.9
2022-07-22,32.2
2022-07-23,31.1
2022-07-24,22.8
2022-07-25,27.4
2022-07-26,26.0
2022-07-27,22.7
2022-07-28,22.9
2022-07-29,24.8
2022-07-30,21.6
2022-07-31,18.8
2022-08-01,23.9
2022-08-02,25.8
2022-08-03,27.6
2022-08-04,28.5
2022-08-05,30.8
2022-08-06,21.9
2022-08-07,21.1
2022-08-08,23.6
2022-08-09,23.0
2022-08-10,22.8
2022-08-11,25.1
2022-08-12,25.0
2022-08-13,27.5
2022-08-14,26.9
2022-08-15,26.0
2022-08-16,26.0
2022-08-17,27.0
2022-08-18,29.0
2022-08-19,31.3
2022-08-20,29.0
2022-08-21,26.7
2022-08-22,25.5
2022-08-23,29.0
2022-08-24,28.5
2022-08-25,31.6
2022-08-26,31.0
2022-08-27,30.8
2022-08-28,29.6
2022-08-29,23.5
2022-08-30,21.0
2022-08-31,21.2
2022-09-01,20.0
2022-09-02,20.1
2022-09-03,21.6
2022-09-04,21.1
2022-09-05,21.0
2022-09-06,19.4
2022-09-07,20.1
2022-09-08,21.8
2022-09-09,16.5
2022-09-10,16.6
2022-09-11,17.2
2022-09-12,15.7
2022-09-13,18.6
2022-09-14,19.2
2022-09-15,19.5
2022-09-16,17.0
2022-09-17,14.9
2022-09-18,14.4
2022-09-19,11.6
2022-09-20,14.4
2022-09-21,14.8
2022-09-22,14.9
2022-09-23,13.4
2022-09-24,15.4
2022-09-25,16.8
2022-09-26,18.1
2022-09-27,16.5
2022-09-28,14.1
2022-09-29,12.5
2022-09-30,12.6
2022-10-01,14.9
2022-10-02,14.0
2022-10-03,13.6
2022-10-04,14.8
2022-10-05,16.8
2022-10-06,19.6
2022-10-07,17.5
2022-10-08,18.8
2022-10-09,12.9
2022-10-10,14.7
2022-10-11,14.8
2022-10-12,14.2
2022-10-13,14.3
2022-10-14,15.2
2022-10-15,18.1
2022-10-16,19.8
2022-10-17,20.6
2022-10-18,18.5
2022-10-19,12.1
2022-10-20,9.7
2022-10-21,9.7
2022-10-22,12.6
2022-10-23,15.6
2022-10-24,16.4
2022-10-25,15.1
2022-10-26,13.9
2022-10-27,16.4
2022-10-28,17.4
2022-10-29,17.6
2022-10-30,15.1
2022-10-31,15.6
2022-11-01,12.4
2022-11-02,14.1
2022-11-03,12.4
2022-11-04,11.7
2022-11-05,9.2
2022-11-06,9.5
2022-11-07,11.6
2022-11-08,14.0
2022-11-09,11.8
2022-11-10,11.6
2022-11-11,11.3
2022-11-12,9.7
2022-11-13,10.4
2022-11-14,8.9
2022-11-15,9.1
2022-11-16,5.6
2022-11-17,2.8
2022-11-18,-0.1
2022-11-19,-1.5
2022-11-20,0.1
2022-11-21,2.0
2022-11-22,2.7
2022-11-23,3.2
2022-11-24,-0.9
2022-11-25,1.1
2022-11-26,1.4
2022-11-27,3.8
2022-11-28,2.7
2022-11-29,2.3
2022-11-30,1.5
2022-12-01,1.4
2022-12-02,-1.1
2022-12-03,0.6
2022-12-04,3.2
2022-12-05,1.9
2022-12-06,3.0
2022-12-07,2.7
2022-12-08,3.5
2022-12-09,2.3
2022-12-10,0.9
2022-12-11,-1.2
2022-12-12,0.9
2022-12-13,-1.1
2022-12-14,-4.7
2022-12-15,-3.8
2022-12-16,-3.3
2022-12-17,-4.2
2022-12-18,-3.4
2022-12-19,-0.8
2022-12-20,2.0
2022-12-21,2.7
2022-12-22,4.6
2022-12-23,6.2
2022-12-24,4.4
2022-12-25,4.8
2022-12-26,9.6
2022-12-27,6.9
2022-12-28,5.7
2022-12-29,8.4
2022-12-30,8.7
2022-12-31,13.2
2023-01-01,16.7
2023-01-02,12.4
2023-01-03,10.6
2023-01-04,7.4
2023-01-05,8.4
2023-01-06,2.0
2023-01-07,5.3
2023-01-08,4.9
2023-01-09,6.9
2023-01-10,5.6
2023-01-11,4.1
2023-01-12,8.1
2023-01-13,8.2
2023-01-14,7.8
2023-01-15,7.8
2023-01-16,4.0
2023-01-17,5.0
2023-01-18,2.6
2023-01-19,2.6
2023-01-20,1.6
2023-01-21,1.8
2023-01-22,2.0
2023-01-23,1.9
2023-01-24,2.4
2023-01-25,0.4
2023-01-26,1.1
2023-01-27,1.4
2023-01-28,1.2
2023-01-29,0.4
2023-01-30,2.1
2023-01-31,3.6
2023-02-01,4.7
2023-02-02,3.0
2023-02-03,1.1
2023-02-04,-0.6
2023-02-05,-2.1
2023-02-06,0.3
2023-02-07,1.1
2023-02-08,1.6
2023-02-09,1.5
2023-02-10,2.0
2023-02-11,4.8
2023-02-12,3.5
2023-02-13,6.2
2023-02-14,7.1
2023-02-15,4.9
2023-02-16,6.6
2023-02-17,9.4
2023-02-18,7.6
2023-02-19,4.6
2023-02-20,7.7
2023-02-21,7.7
2023-02-22,4.0
2023-02-23,5.8
2023-02-24,7.1
2023-02-25,3.8
2023-02-26,0.8
2023-02-27,1.0
2023-02-28,3.0
2023-03-01,6.4
2023-03-02,3.3
2023-03-03,5.7
2023-03-04,3.3
2023-03-05,1.6
2023-03-06,2.2
2023-03-07,5.4
2023-03-08,4.5
2023-03-09,0.7
2023-03-10,10.9
2023-03-11,6.7
2023-03-12,3.5
2023-03-13,10.7
2023-03-14,14.8
2023-03-15,8.6
2023-03-16,6.6
2023-03-17,8.4
2023-03-18,11.2
2023-03-19,14.4
2023-03-20,13.9
2023-03-21,10.1
2023-03-22,13.6
2023-03-23,18.5
2023-03-24,18.0
2023-03-25,14.4
2023-03-26,10.1
2023-03-27,5.8
2023-03-28,2.9
2023-03-29,6.9
2023-03-30,11.4
2023-03-31,15.0
2023-04-01,11.2
2023-04-02,5.8
2023-04-03,4.7
2023-04-04,3.5
2023-04-05,3.5
2023-04-06,4.8
2023-04-07,12.8
2023-04-08,13.2
2023-04-09,14.0
2023-04-10,16.4
2023-04-11,15.2
2023-04-12,12.9
2023-04-13,15.8
2023-04-14,15.6
2023-04-15,10.4
2023-04-16,13.4
2023-04-17,15.1
2023-04-18,14.6
2023-04-19,13.1
2023-04-20,18.5
2023-04-21,17.9
2023-04-22,18.7
2023-04-23,20.8
2023-04-24,20.6
2023-04-25,10.8
2023-04-26,8.6
2023-04-27,10.3
2023-04-28,13.1
2023-04-29,17.5
2023-04-30,13.8
2023-05-01,16.2
2023-05-02,19.3
2023-05-03,13.9
2023-05-04,16.2
2023-05-05,14.9
2023-05-06,11.6
2023-05-07,11.7
2023-05-08,15.0
2023-05-09,16.3
2023-05-10,17.2
2023-05-11,18.2
2023-05-12,20.0
2023-05-13,22.3
2023-05-14,23.1
2023-05-15,15.2
2023-05-16,17.8
2023-05-17,14.6
2023-05-18,14.2
2023-05-19,14.4
2023-05-20,23.0
2023-05-21,22.6
2023-05-22,22.0
2023-05-23,24.2
2023-05-24,25.1
2023-05-25,22.2
2023-05-26,21.4
2023-05-27,18.5
2023-05-28,19.5
2023-05-29,22.5
2023-05-30,22.0
2023-05-31,22.0
2023-06-01,25.9
2023-06-02,16.9
2023-06-03,17.6
2023-06-04,21.2
2023-06-05,24.1
2023-06-06,26.5
2023-06-07,26.4
2023-06-08,26.5
2023-06-09,26.4
2023-06-10,25.2
2023-06-11,23.4
2023-06-12,21.9
2023-06-13,16.4
2023-06-14,19.6
2023-06-15,20.5
2023-06-16,22.4
2023-06-17,22.5
2023-06-18,21.5
2023-06-19,25.0
2023-06-20,27.8
2023-06-21,29.2
2023-06-22,27.7
2023-06-23,26.4
2023-06-24,23.2
2023-06-25,24.7
2023-06-26,27.5
2023-06-27,21.7
2023-06-28,21.2
2023-06-29,25.0
2023-06-30,27.0
2023-07-01,23.9
2023-07-02,23.9
2023-07-03,24.8
2023-07-04,27.0
2023-07-05,29.5
2023-07-06,24.6
2023-07-07,26.8
2023-07-08,28.0
2023-07-09,27.1
2023-07-10,28.5
2023-07-11,25.2
2023-07-12,30.6
2023-07-13,25.0
2023-07-14,25.0
2023-07-15,31.6
2023-07-16,33.5
2023-07-17,30.6
2023-07-18,24.6
2023-07-19,26.4
2023-07-20,20.4
2023-07-21,24.5
2023-07-22,22.8
2023-07-23,25.2
2023-07-24,29.1
2023-07-25,25.6
2023-07-26,20.0
2023-07-27,21.6
2023-07-28,21.6
2023-07-29,25.0
2023-07-30,24.8
2023-07-31,23.1
2023-08-01,22.8
2023-08-02,24.3
2023-08-03,22.5
2023-08-04,26.2
2023-08-05,21.1
2023-08-06,29.0
2023-08-07,20.4
2023-08-08,19.5
2023-08-09,21.4
2023-08-10,21.2
2023-08-11,24.0
2023-08-12,25.8
2023-08-13,29.2
2023-08-14,30.0
2023-08-15,34.1
2023-08-16,34.0
2023-08-17,33.7
2023-08-18,30.8
2023-08-19,28.2
2023-08-20,31.1
2023-08-21,28.5
2023-08-22,25.9
2023-08-23,26.1
2023-08-24,25.6
2023-08-25,25.5
2023-08-26,29.4
2023-08-27,26.2
2023-08-28,24.5
2023-08-29,27.9
2023-08-30,18.6
2023-08-31,20.0
2023-09-01,20.3
2023-09-02,22.5
2023-09-03,22.2
2023-09-04,21.1
2023-09-05,23.4
2023-09-06,25.4
2023-09-07,26.1
2023-09-08,26.6
2023-09-09,26.0
2023-09-10,27.2
2023-09-11,28.4
2023-09-12,28.7
2023-09-13,29.1
2023-09-14,22.0
2023-09-15,20.1
2023-09-16,22.1
2023-09-17,25.3
2023-09-18,27.1
2023-09-19,21.7
2023-09-20,22.4
2023-09-21,26.1
2023-09-22,25.6
2023-09-23,19.9
2023-09-24,19.6
2023-09-25,22.2
2023-09-26,24.0
2023-09-27,26.0
2023-09-28,25.5
2023-09-29,26.1
2023-09-30,19.6
2023-10-01,18.6
2023-10-02,21.3
2023-10-03,24.6
2023-10-04,15.8
2023-10-05,16.5
2023-10-06,16.0
2023-10-07,17.0
2023-10-08,12.1
2023-10-09,10.5
2023-10-10,12.2
2023-10-11,20.6
2023-10-12,18.9
2023-10-13,18.5
2023-10-14,22.5
2023-10-15,10.9
2023-10-16,9.1
2023-10-17,10.8
2023-10-18,11.6
2023-10-19,9.9
2023-10-20,8.1
2023-10-21,15.9
2023-10-22,11.8
2023-10-23,14.4
2023-10-24,15.1
2023-10-25,12.8
2023-10-26,12.8
2023-10-27,11.9
2023-10-28,8.7
2023-10-29,15.4
2023-10-30,16.8
2023-10-31,17.1
2023-11-01,11.1
2023-11-02,13.8
2023-11-03,15.2
2023-11-04,11.8
2023-11-05,11.2
2023-11-06,12.2
2023-11-07,11.9
2023-11-08,9.7
2023-11-09,11.0
2023-11-10,11.5
2023-11-11,9.4
2023-11-12,6.9
2023-11-13,7.6
2023-11-14,11.1
2023-11-15,9.6
2023-11-16,4.9
2023-11-17,3.3
2023-11-18,1.1
2023-11-19,1.6
2023-11-20,3.8
2023-11-21,-0.2
2023-11-22,-1.0
2023-11-23,6.8
2023-11-24,5.3
2023-11-25,1.5
2023-11-26,0.9
2023-11-27,-0.3
2023-11-28,-1.4
2023-11-29,-2.0
2023-11-30,1.4
2023-12-01,-1.9
2023-12-02,-1.0
2023-12-03,0.2
2023-12-04,-1.4
2023-12-05,-2.8
2023-12-06,-0.2
2023-12-07,-0.4
2023-12-08,-2.5
2023-12-09,0.0
2023-12-10,1.5
2023-12-11,4.2
2023-12-12,3.5
2023-12-13,2.3
2023-12-14,1.8
2023-12-15,1.5
2023-12-16,5.7
2023-12-17,7.6
2023-12-18,6.7
2023-12-19,8.0
2023-12-20,6.0
2023-12-21,6.4
2023-12-22,4.0
2023-12-23,1.5
2023-12-24,7.8
2023-12-25,9.1
2023-12-26,9.1
2023-12-27,5.0
2023-12-28,7.9
2023-12-29,9.3
2023-12-30,8.4
2023-12-31,4.1
2024-01-01,4.0
2024-01-02,5.5
2024-01-03,7.2
2024-01-04,7.3
2024-01-05,-0.6
2024-01-06,-1.0
2024-01-07,-5.1
2024-01-08,-8.6
2024-01-09,-5.5
2024-01-10,-4.2
2024-01-11,1.2
2024-01-12,-0.4
2024-01-13,0.6
2024-01-14,1.1
2024-01-15,0.8
2024-01-16,-2.1
2024-01-17,-0.1
2024-01-18,1.5
2024-01-19,-1.2
2024-01-20,0.8
2024-01-21,1.3
2024-01-22,3.0
2024-01-23,4.7
2024-01-24,7.9
2024-01-25,5.0
2024-01-26,2.2
2024-01-27,4.3
2024-01-28,4.5
2024-01-29,5.8
2024-01-30,7.2
2024-01-31,7.8
2024-02-01,5.1
2024-02-02,5.5
2024-02-03,10.0
2024-02-04,6.2
2024-02-05,6.7
2024-02-06,8.6
2024-02-07,8.6
2024-02-08,2.0
2024-02-09,2.0
2024-02-10,8.1
2024-02-11,10.2
2024-02-12,9.2
2024-02-13,7.1
2024-02-14,8.3
2024-02-15,8.5
2024-02-16,11.8
2024-02-17,11.5
2024-02-18,5.4
2024-02-19,5.6
2024-02-20,8.3
2024-02-21,6.8
2024-02-22,9.9
2024-02-23,9.9
2024-02-24,10.6
2024-02-25,13.3
2024-02-26,13.5
2024-02-27,15.8
2024-02-28,11.6
2024-02-29,9.1
2024-03-01,13.4
2024-03-02,12.9
2024-03-03,12.0
2024-03-04,9.2
2024-03-05,6.4
2024-03-06,7.8
2024-03-07,5.8
2024-03-08,7.7
2024-03-09,9.6
2024-03-10,11.4
2024-03-11,5.4
2024-03-12,8.0
2024-03-13,6.0
2024-03-14,10.6
2024-03-15,9.9
2024-03-16,15.8
2024-03-17,6.1
2024-03-18,4.3
2024-03-19,7.1
2024-03-20,7.3
2024-03-21,11.0
2024-03-22,10.0
2024-03-23,15.4
2024-03-24,8.1
2024-03-25,9.0
2024-03-26,12.3
2024-03-27,16.5
2024-03-28,17.5
2024-03-29,16.1
2024-03-30,22.8
2024-03-31,24.4
2024-04-01,22.9
2024-04-02,13.9
2024-04-03,10.5
2024-04-04,13.6
2024-04-05,15.9
2024-04-06,18.0
2024-04-07,22.7
2024-04-08,26.0
2024-04-09,26.5
2024-04-10,17.2
2024-04-11,16.4
2024-04-12,16.4
2024-04-13,20.0
2024-04-14,18.6
2024-04-15,12.1
2024-04-16,10.9
2024-04-17,8.5
2024-04-18,8.2
2024-04-19,10.5
2024-04-20,9.7
2024-04-21,7.3
2024-04-22,6.9
2024-04-23,9.0
2024-04-24,9.2
2024-04-25,11.8
2024-04-26,14.3
2024-04-27,17.9
2024-04-28,21.9
2024-04-29,25.0
2024-04-30,25.1
2024-05-01,24.9
2024-05-02,25.0
2024-05-03,26.1
2024-05-04,25.2
2024-05-05,26.2
2024-05-06,21.0
2024-05-07,15.9
2024-05-08,17.0
2024-05-09,18.2
2024-05-10,17.6
2024-05-11,15.3
2024-05-12,18.0
2024-05-13,20.0
2024-05-14,21.2
2024-05-15,19.9
2024-05-16,20.9
2024-05-17,21.8
2024-05-18,23.6
2024-05-19,24.0
2024-05-20,23.6
2024-05-21,26.9
2024-05-22,28.4
2024-05-23,20.6
2024-05-24,27.5
2024-05-25,26.6
2024-05-26,27.6
2024-05-27,28.1
2024-05-28,27.4
2024-05-29,25.7
2024-05-30,26.8
2024-05-31,24.4
2024-06-01,25.0
2024-06-02,23.0
2024-06-03,23.1
2024-06-04,20.5
2024-06-05,23.5
2024-06-06,21.8
2024-06-07,22.8
2024-06-08,22.5
2024-06-09,23.5
2024-06-10,21.5
2024-06-11,23.2
2024-06-12,18.9
2024-06-13,18.2
2024-06-14,20.4
2024-06-15,24.3
2024-06-16,26.1
2024-06-17,26.0
2024-06-18,28.0
2024-06-19,30.2
2024-06-20,22.8
2024-06-21,26.9
2024-06-22,28.4
2024-06-23,22.7
2024-06-24,22.3
2024-06-25,25.2
2024-06-26,29.4
2024-06-27,31.5
2024-06-28,29.0
2024-06-29,27.5
2024-06-30,34.1
2024-07-01,23.5
2024-07-02,20.5
2024-07-03,21.5
2024-07-04,22.5
2024-07-05,22.9
2024-07-06,29.7
2024-07-07,24.2
2024-07-08,26.0
2024-07-09,30.0
2024-07-10,33.6
2024-07-11,31.2
2024-07-12,29.6
2024-07-13,28.4
2024-07-14,25.9
2024-07-15,30.1
2024-07-16,32.8
2024-07-17,28.4
2024-07-18,26.5
2024-07-19,26.6
2024-07-20,27.0
2024-07-21,29.8
2024-07-22,31.1
2024-07-23,24.2
2024-07-24,26.1
2024-07-25,24.1
2024-07-26,23.9
2024-07-27,28.6
2024-07-28,25.7
2024-07-29,23.1
2024-07-30,25.1
2024-07-31,26.5
2024-08-01,27.9
2024-08-02,24.8
2024-08-03,24.4
2024-08-04,25.6
2024-08-05,18.6
2024-08-06,23.5
2024-08-07,24.6
2024-08-08,24.5
2024-08-09,24.3
2024-08-10,24.8
2024-08-11,24.4
2024-08-12,23.5
2024-08-13,23.8
2024-08-14,26.4
2024-08-15,29.9
2024-08-16,30.5
2024-08-17,31.6
2024-08-18,30.1
2024-08-19,27.7
2024-08-20,23.0
2024-08-21,26.7
2024-08-22,19.8
2024-08-23,24.6
2024-08-24,30.0
2024-08-25,31.5
2024-08-26,23.6
2024-08-27,25.2
2024-08-28,27.7
2024-08-29,30.8
2024-08-30,30.8
2024-08-31,25.9
2024-09-01,23.0
2024-09-02,24.8
2024-09-03,30.0
2024-09-04,29.6
2024-09-05,27.7
2024-09-06,27.8
2024-09-07,28.6
2024-09-08,28.2
2024-09-09,26.8
2024-09-10,18.9
2024-09-11,22.3
2024-09-12,20.9
2024-09-13,20.5
2024-09-14,20.5
2024-09-15,23.0
2024-09-16,24.4
2024-09-17,25.0
2024-09-18,24.0
2024-09-19,22.4
2024-09-20,22.2
2024-09-21,23.4
2024-09-22,23.5
2024-09-23,23.1
2024-09-24,24.4
2024-09-25,22.1
2024-09-26,21.0
2024-09-27,22.2
2024-09-28,17.5
2024-09-29,14.7
2024-09-30,14.0
2024-10-01,12.6
2024-10-02,14.6
2024-10-03,13.4
2024-10-04,12.5
2024-10-05,12.1
2024-10-06,11.4
2024-10-07,12.8
2024-10-08,19.9
2024-10-09,19.4
2024-10-10,21.6
2024-10-11,13.9
2024-10-12,12.8
2024-10-13,12.4
2024-10-14,10.9
2024-10-15,11.6
2024-10-16,11.4
2024-10-17,12.7
2024-10-18,15.1
2024-10-19,13.4
2024-10-20,13.6
2024-10-21,15.5
2024-10-22,16.6
2024-10-23,13.9
2024-10-24,11.1
2024-10-25,11.9
2024-10-26,16.6
2024-10-27,16.6
2024-10-28,12.7
2024-10-29,13.4
2024-10-30,14.6
2024-10-31,11.4
2024-11-01,13.4
2024-11-02,11.5
2024-11-03,7.4
2024-11-04,8.9
2024-11-05,9.2
2024-11-06,8.1
2024-11-07,4.9
2024-11-08,6.4
2024-11-09,6.4
2024-11-10,6.4
2024-11-11,4.0
2024-11-12,3.2
2024-11-13,2.7
2024-11-14,5.5
2024-11-15,7.4
2024-11-16,8.8
2024-11-17,5.8
2024-11-18,5.4
2024-11-19,8.4
2024-11-20,9.2
2024-11-21,1.6
2024-11-22,2.4
2024-11-23,1.6
2024-11-24,3.2
2024-11-25,9.7
2024-11-26,8.5
2024-11-27,7.7
2024-11-28,6.8
2024-11-29,5.7
2024-11-30,5.2
2024-12-01,3.3
2024-12-02,6.9
2024-12-03,4.8
2024-12-04,5.7
2024-12-05,4.6
2024-12-06,3.8
2024-12-07,3.5
2024-12-08,3.5
2024-12-09,3.8
2024-12-10,1.6
2024-12-11,2.2
2024-12-12,1.9
2024-12-13,1.5
2024-12-14,1.1
2024-12-15,4.0
2024-12-16,10.0
2024-12-17,8.5
2024-12-18,9.1
2024-12-19,10.2
2024-12-20,8.6
2024-12-21,4.6
2024-12-22,5.8
2024-12-23,4.3
2024-12-24,4.6
2024-12-25,4.0
2024-12-26,2.7
2024-12-27,1.5
2024-12-28,2.6
2024-12-29,4.0
2024-12-30,2.2
2024-12-31,4.1
2025-01-01,6.8
2025-01-02,9.1
2025-01-03,1.7
2025-01-04,-0.8
2025-01-05,-2.3
2025-01-06,4.4
2025-01-07,4.9
2025-01-08,2.5
2025-01-09,6.0
2025-01-10,6.9
2025-01-11,0.3
2025-01-12,0.8
2025-01-13,-0.8
2025-01-14,0.6
2025-01-15,2.2
2025-01-16,2.0
2025-01-17,3.0
2025-01-18,3.5
2025-01-19,2.8
2025-01-20,4.3
2025-01-21,3.3
2025-01-22,1.1
2025-01-23,2.7
2025-01-24,5.9
2025-01-25,8.7
2025-01-26,7.3
2025-01-27,10.2
2025-01-28,9.9
2025-01-29,10.3
2025-01-30,9.8
2025-01-31,6.4
2025-02-01,3.7
2025-02-02,2.0
2025-02-03,1.5
2025-02-04,4.4
2025-02-05,4.7
2025-02-06,4.7
2025-02-07,0.8
2025-02-08,1.4
2025-02-09,2.4
2025-02-10,1.5
2025-02-11,-1.9
2025-02-12,2.5
2025-02-13,2.5
2025-02-14,-0.6
2025-02-15,-0.2
2025-02-16,-0.1
2025-02-17,-0.4
2025-02-18,-0.4
2025-02-19,0.9
2025-02-20,0.4
2025-02-21,1.9
2025-02-22,4.7
2025-02-23,6.6
2025-02-24,6.8
2025-02-25,7.9
2025-02-26,9.0
2025-02-27,8.9
2025-02-28,8.4
2025-03-01,2.5
2025-03-02,3.8
2025-03-03,8.1
2025-03-04,10.3
2025-03-05,13.9
2025-03-06,17.4
2025-03-07,15.3
2025-03-08,17.0
2025-03-09,15.8
2025-03-10,19.7
2025-03-11,14.2
2025-03-12,15.0
2025-03-13,12.1
2025-03-14,6.3
2025-03-15,6.7
2025-03-16,7.3
2025-03-17,3.5
2025-03-18,6.4
2025-03-19,9.4
2025-03-20,12.9
2025-03-21,15.4
2025-03-22,13.9
2025-03-23,13.2
2025-03-24,10.4
2025-03-25,12.6
2025-03-26,13.1
2025-03-27,9.8
2025-03-28,13.8
2025-03-29,16.3
2025-03-30,16.5
2025-03-31,12.2
2025-04-01,14.1
2025-04-02,16.9
2025-04-03,18.5
2025-04-04,19.5
2025-04-05,7.8
2025-04-06,4.2
2025-04-07,7.2
2025-04-08,9.2
2025-04-09,9.9
2025-04-10,6.0
2025-04-11,9.8
2025-04-12,15.0
2025-04-13,19.9
2025-04-14,22.5
2025-04-15,19.9
2025-04-16,23.9
2025-04-17,28.4
2025-04-18,27.2
2025-04-19,19.6
2025-04-20,23.3
2025-04-21,25.2
2025-04-22,22.2
2025-04-23,21.4
2025-04-24,23.6
2025-04-25,16.5
2025-04-26,12.4
2025-04-27,13.9
2025-04-28,19.5
2025-04-29,21.0
2025-04-30,21.1
2025-05-01,19.6
2025-05-02,25.2
2025-05-03,22.0
2025-05-04,16.5
2025-05-05,11.2
2025-05-06,14.9
2025-05-07,13.7
2025-05-08,12.0
2025-05-09,11.6
2025-05-10,10.1
2025-05-11,13.1
2025-05-12,13.9
2025-05-13,16.4
2025-05-14,19.5
2025-05-15,11.7
2025-05-16,8.9
2025-05-17,11.0
2025-05-18,10.6
2025-05-19,14.8
2025-05-20,20.5
2025-05-21,22.4
2025-05-22,20.2
2025-05-23,15.6
2025-05-24,15.8
2025-05-25,19.4
2025-05-26,20.8
2025-05-27,22.0
2025-05-28,24.4
2025-05-29,17.9
2025-05-30,20.0
2025-05-31,23.5
2025-06-01,26.0
2025-06-02,25.9
2025-06-03,22.8
2025-06-04,26.0
2025-06-05,25.1
2025-06-06,26.8
2025-06-07,23.9
2025-06-08,22.1
2025-06-09,17.0
2025-06-10,20.5
2025-06-11,19.6
2025-06-12,18.7
2025-06-13,20.2
2025-06-14,23.6
2025-06-15,27.6
2025-06-16,29.4
2025-06-17,22.0
2025-06-18,26.6
2025-06-19,22.1
2025-06-20,21.4
2025-06-21,24.2
2025-06-22,26.4
2025-06-23,31.8
2025-06-24,20.4
2025-06-25,23.5
2025-06-26,23.9
2025-06-27,24.4
2025-06-28,21.8
2025-06-29,25.1
2025-06-30,22.0
2025-07-01,25.8
2025-07-02,31.1
2025-07-03,35.7
2025-07-04,23.6
2025-07-05,27.0
2025-07-06,31.3
2025-07-07,23.9
2025-07-08,25.0
2025-07-09,16.5
2025-07-10,20.3
2025-07-11,17.3
2025-07-12,19.2
2025-07-13,23.6
2025-07-14,24.2
2025-07-15,25.3
2025-07-16,19.3
2025-07-17,22.4
2025-07-18,23.6
2025-07-19,22.3
2025-07-20,24.3
2025-07-21,28.2
2025-07-22,24.5
2025-07-23,24.1
2025-07-24,24.1
2025-07-25,25.1
2025-07-26,27.9
2025-07-27,25.5
2025-07-28,24.3
2025-07-29,21.1
2025-07-30,22.4
2025-07-31,20.6
2025-08-01,21.2
2025-08-02,24.7
2025-08-03,26.2
2025-08-04,22.2
2025-08-05,25.4
2025-08-06,19.9
2025-08-07,21.9
2025-08-08,25.4
2025-08-09,27.4
2025-08-10,26.4
2025-08-11,23.0
2025-08-12,26.1
2025-08-13,30.1
2025-08-14,32.0
2025-08-15,32.0
2025-08-16,28.6
2025-08-17,23.5
2025-08-18,20.6
2025-08-19,23.5
2025-08-20,25.6
2025-08-21,23.0
2025-08-22,21.2
2025-08-23,18.6
2025-08-24,18.1
2025-08-25,17.9
2025-08-26,19.1
2025-08-27,23.4
2025-08-28,31.8
2025-08-29,32.9
2025-08-30,28.5
2025-08-31,24.1
2025-09-01,24.8
2025-09-02,28.0
2025-09-03,21.5
2025-09-04,26.2
2025-09-05,29.0
2025-09-06,21.6
2025-09-07,20.1
2025-09-08,24.0
2025-09-09,22.8
2025-09-10,24.0
2025-09-11,20.5
2025-09-12,22.5
2025-09-13,23.6
2025-09-14,20.5
2025-09-15,20.1
2025-09-16,19.5
2025-09-17,16.7
2025-09-18,18.6
2025-09-19,21.8
2025-09-20,26.7
2025-09-21,28.4
2025-09-22,22.1
2025-09-23,15.8
2025-09-24,15.1
2025-09-25,15.0
2025-09-26,15.7
2025-09-27,17.0
2025-09-28,15.1
2025-09-29,10.4
2025-09-30,12.8
2025-10-01,12.4
2025-10-02,11.4
2025-10-03,10.4
2025-10-04,12.8
2025-10-05,13.4
2025-10-06,12.8
2025-10-07,14.1
2025-10-08,14.4
2025-10-09,13.7
2025-10-10,14.2
2025-10-11,14.4
2025-10-12,12.9
2025-10-13,11.6
2025-10-14,11.4
2025-10-15,11.3
2025-10-16,11.9
2025-10-17,12.9
2025-10-18,8.6
2025-10-19,9.8
2025-10-20,8.8
2025-10-21,11.4
2025-10-22,14.9
2025-10-23,17.4
2025-10-24,13.7
2025-10-25,10.9
2025-10-26,11.6
2025-10-27,8.9
2025-10-28,9.1
2025-10-29,12.1
2025-10-30,14.9
2025-10-31,11.3
2025-11-01,12.4
2025-11-02,15.3
2025-11-03,10.8
2025-11-04,11.6
2025-11-05,11.8
2025-11-06,12.4
2025-11-07,10.6
2025-11-08,6.6
2025-11-09,7.8
2025-11-10,8.0
2025-11-11,7.0
2025-11-12,8.4
2025-11-13,11.5
2025-11-14,10.9
2025-11-15,8.1
2025-11-16,7.8
2025-11-17,7.7
2025-11-18,3.8
2025-11-19,4.5
2025-11-20,2.8
2025-11-21,1.4
2025-11-22,2.2
2025-11-23,-1.0
2025-11-24,0.5
2025-11-25,0.9
2025-11-26,1.5
2025-11-27,1.5
2025-11-28,0.3
2025-11-29,1.6
2025-11-30,2.2
2025-12-01,2.3
2025-12-02,4.7
2025-12-03,5.8
2025-12-04,5.1
2025-12-05,8.4
2025-12-06,6.7
2025-12-07,5.3
2025-12-08,8.8
2025-12-09,10.5
2025-12-10,10.5
2025-12-11,10.6
2025-12-12,7.8
2025-12-13,6.4
2025-12-14,5.9
2025-12-15,3.8
2025-12-16,1.9
2025-12-17,6.8
2025-12-18,3.9
2025-12-19,3.9
2025-12-20,4.3
2025-12-21,3.7
2025-12-22,3.2
2025-12-23,2.8
2025-12-24,-3.0
2025-12-25,-5.3
2025-12-26,1.1
2025-12-27,1.3
2025-12-28,2.9
2025-12-29,1.7
2025-12-30,-1.5
2025-12-31,-2.5
